Method,Final_Mean_Return,Final_Std_Return,Final_Mean_Bumps,Final_Std_Bumps,Best_Mean_Return,Best_Return_Episode,Lowest_Mean_Bumps,Lowest_Bumps_Episode,Data_Points
Q_learning_4_actions,-20.000000000000004,1.0658141036401503e-14,119.47733333333329,1.6396075411173492,-20.000000000000004,24,114.75333333333332,80,576
Q_learning_5_actions,-2.838266666666668,0.054851881361434554,0.74,0.18000000000000002,-2.827200000000002,351,0.74,415,576
Oracle_method_5_actions,-20.000000000000004,1.0658141036401503e-14,45.79466666666667,28.421780818395057,-20.000000000000004,24,42.79066666666667,317,576
Q_table_reuse_5_actions,-2.861200000000002,0.06653440212902392,0.7946666666666669,0.18496366009450496,-2.8278666666666683,407,0.7346666666666665,383,576
